<?xml version="1.0" encoding="UTF-8"?>
<beans:beans xmlns="http://www.springframework.org/schema/security"
    xmlns:beans="http://www.springframework.org/schema/beans"
	xmlns:xsi="http://www.w3.org/2001/XMLSchema-instance"
	xsi:schemaLocation="http://www.springframework.org/schema/security http://www.springframework.org/schema/security/spring-security.xsd
		http://www.springframework.org/schema/beans http://www.springframework.org/schema/beans/spring-beans-4.3.xsd">
    
    <!-- 검사 URL -->
    <http auto-config="true" use-expressions="true">
        <intercept-url pattern="/login/loginForm" access="permitAll" />
        <intercept-url pattern="/" access="permitAll" />
        <intercept-url pattern="/user/**" access="permitAll" />
        <intercept-url pattern="/admin/**" access="hasRole('ADMIN')" />
        <intercept-url pattern="/**" access="hasAnyRole('USER, ADMIN')" />
        
        <form-login login-page="/login/loginForm"
                    default-target-url="/"
                    authentication-failure-url="/login/loginForm?error"
                    username-parameter="id"
                    password-parameter="password" />
        
         <logout logout-url="/logout" logout-success-url="/" /> 
                
        <access-denied-handler error-page="/login/accessDenied" />
    </http>    
    
     <beans:bean id="userDetailsService" class="org.springframework.security.core.userdetails.jdbc.JdbcDaoImpl">
        <beans:property name="dataSource" ref="dataSource"/><!-- 디비를 통해서 유저를 갖고오겠다 --><!-- 루트컨텍스트에 있는 객체를 가져와서 이용 -->
    </beans:bean> 
    
     <!-- 객체 생성 -->
   <beans:bean id="customNoOpPasswordEncoder" class="edu.bit.ex.security.CustomNoOpPasswordEncoder"/>
     <beans:bean id="bcryptPasswordEncoder" class="org.springframework.security.crypto.bcrypt.BCryptPasswordEncoder" />		<!-- 시큐리티내에서  -->
   
<!--      <jdbc-user-service 
            data-source-ref="dataSource"
            role-prefix=""
            users-by-username-query="select username, password, enabled from users where username = ?"
            authorities-by-username-query="select username, authority from authorities where username = ?"
            group-authorities-by-username-query="select g.id, g.group_name, ga.authority from groups g, group_members gm, group_authorities ga where gm.username = ? and g.id = ga.group_id and g.id = gm.group_id"
    /> -->
    
    <!--  provider  -->
    <!-- 로그인할 때 사용자가 입력한 문자열을 암호화 시켜서 DB에 등록되어 있는 암호화된 문자열과 비교하는 기능 뿐만 아니라 사용자가 입력한 문자열을 암호화 된 문자열로 바꾸는 기능도 사용할 수 있게 된다. -->
      <authentication-manager>
        <authentication-provider>
        <password-encoder ref="bcryptPasswordEncoder"/> <!-- 아이디 담긴걸 다 가져온거 -->
        <jdbc-user-service 
            data-source-ref="dataSource"
            role-prefix=""
            users-by-username-query="select username, password, enabled from users where username = ?"
            authorities-by-username-query="select username, authority from authorities where username = ?"
        />
        </authentication-provider>
    </authentication-manager> 
    
<!--    <authentication-manager>
        <authentication-provider>
        <jdbc-user-service 
            data-source-ref="dataSource"
         />
        </authentication-provider>
    </authentication-manager> -->
   
</beans:beans>